{
  "apiKey": "AIzaSyC1a8B9XyE3_LjhCr4FCdZY1ScF9XdH56k",
  "authDomain": "crisisconnect-app.firebaseapp.com",
  "projectId": "crisisconnect-app",
  "storageBucket": "crisisconnect-app.appspot.com",
  "messagingSenderId": "781023456789",
  "appId": "1:781023456789:web:3f5d8a1b2c3d4e5f6a7b8c",
  "measurementId": "G-MX1YZ23ABC",
  "databaseURL": "https://crisisconnect-app.firebaseio.com",
  "functionsRegion": "us-central1",
  "emulatorHost": "localhost",
  "emulatorPorts": {
    "auth": 9099,
    "functions": 5001,
    "firestore": 8080,
    "database": 9000,
    "pubsub": 8085,
    "storage": 9199
  },
  "serviceAccount": {
    "type": "service_account",
    "project_id": "crisisconnect-app",
    "private_key_id": "a1b2c3d4e5f6g7h8i9j0k1l2m3n4o5p6q7r8s9t0",
    "client_email": "firebase-adminsdk@crisisconnect-app.iam.gserviceaccount.com",
    "client_id": "123456789012345678901",
    "auth_uri": "https://accounts.google.com/o/oauth2/auth",
    "token_uri": "https://oauth2.googleapis.com/token",
    "auth_provider_x509_cert_url": "https://www.googleapis.com/oauth2/v1/certs",
    "client_x509_cert_url": "https://www.googleapis.com/robot/v1/metadata/x509/firebase-adminsdk%40crisisconnect-app.iam.gserviceaccount.com"
  },
  "firestore": {
    "enablePersistence": true,
    "cacheSizeBytes": 10485760,
    "ignoreUndefinedProperties": true,
    "settings": {
      "timestampsInSnapshots": true,
      "ignoreUndefinedProperties": true
    },
    "indexes": {
      "crisis_reports": [
        {"fields": [{"fieldPath": "userId", "order": "ASCENDING"}, {"fieldPath": "timestamp", "order": "DESCENDING"}]},
        {"fields": [{"fieldPath": "status", "order": "ASCENDING"}, {"fieldPath": "priorityLevel", "order": "DESCENDING"}]},
        {"fields": [{"fieldPath": "crisisType", "order": "ASCENDING"}, {"fieldPath": "location", "order": "ASCENDING"}]}
      ],
      "resources": [
        {"fields": [{"fieldPath": "resourceType", "order": "ASCENDING"}, {"fieldPath": "location", "order": "ASCENDING"}]},
        {"fields": [{"fieldPath": "availability", "order": "ASCENDING"}, {"fieldPath": "lastUpdated", "order": "DESCENDING"}]}
      ],
      "users": [
        {"fields": [{"fieldPath": "role", "order": "ASCENDING"}, {"fieldPath": "specialization", "order": "ASCENDING"}]},
        {"fields": [{"fieldPath": "availability", "order": "ASCENDING"}, {"fieldPath": "responseTime", "order": "ASCENDING"}]}
      ]
    }
  },
  "remoteConfig": {
    "minimumFetchIntervalInSeconds": 3600,
    "fetchTimeoutInSeconds": 60
  },
  "analytics": {
    "collectAnalyticsData": true,
    "analyticsCollectionEnabled": true,
    "userProperties": {
      "allowPersonalization": true
    }
  },
  "messaging": {
    "vapidKey": "BGXCVf23RtyUio78POLkjhGfdsQWe34rTyuioPLkjhgFDSaqweRTyuioP",
    "defaultChannelId": "crisis_alerts"
  },
  "dynamicLinks": {
    "dynamicLinkDomain": "crisisconnect.page.link",
    "navigationInfoParameters": {
      "enableForcedRedirect": true
    },
    "analyticsParameters": {
      "source": "dynlink",
      "medium": "social"
    }
  },
  "crashlytics": {
    "enabled": true,
    "debugMode": false,
    "collectUserIdentifiers": false
  },
  "performance": {
    "enabled": true,
    "dataCollectionEnabled": true,
    "instrumentationEnabled": true
  }
}